{
  "type": "sgjourney:common_stargate",

  "start_pool": "sgjourney:stargate_outpost/lantean_outpost_ocean_pool",

  "size": 3,

  "max_distance_from_center": 128,

  "biomes": "#sgjourney:has_structure/stargate_outpost/lantean_outpost_ocean_biomes",

  "step": "strongholds",

  "start_height": {
    "absolute": 0
  },

  "project_start_to_heightmap": "WORLD_SURFACE_WG",

  "use_expansion_hack": false,

  "spawn_overrides": {
    "monster": {
      "bounding_box": "piece",
      "spawns": [
        
      ]
    }
  }
}